id,question,answer,difficulty,topic,type
b30a738e-bbc8-49d5-8c8d-eb608ba00f9c,What is: xidizing acid

    Article
    Talk

    Read
    ?,xidizing acid

    Article
    Talk

    Read
    Edit
    View history

Tools

Appearance
Text

    Small
    Standard
    Large

Width

    Standard
    Wide

Color (beta)

    Automatic
    Light
    Dark

From Wikipedia; the free encyclopedia

An oxidizing acid is a Brønsted acid that is a strong oxidizing agent,medium,General,multiple-choice
37205068-7496-4693-acd3-a0f51a021915,What is: Most Brønsted acids can act as oxidizing agents; b?,Most Brønsted acids can act as oxidizing agents; because[dubious – discuss] the acidic proton can be reduced to hydrogen gas,medium,General,multiple-choice
e20e1864-d40c-48a2-b02c-9e4e30d65eaf,What is: Some acids contain other structures that act as st?,Some acids contain other structures that act as stronger oxidizing agents than hydrogen ions,medium,General,multiple-choice
b446355f-2a31-44c8-95ee-7d82906c1820,What is: These acids contain highly electronegative atoms (?,These acids contain highly electronegative atoms (like oxygen or halogens) that can accept electrons,medium,General,multiple-choice
45640209-b965-4c4c-87d2-47f7e44536f4,What is: Generally; they contain oxygen in their anionic st?,Generally; they contain oxygen in their anionic structure,medium,General,multiple-choice
9aa9abdb-dcea-465b-8bd3-3e700446ea20,What is: Oxidizing acids include nitric acid; perchloric ac?,Oxidizing acids include nitric acid; perchloric acid; chloric acid; chromic acid; and concentrated sulfuric acid; nitrosyl chloride OR NOCl is also strong oxidizer ; etc,medium,General,multiple-choice
2d7a37ac-c9ca-4c99-8493-957a6f02d5fb,What is: General properties

Oxidizing acids; being strong ?,General properties

Oxidizing acids; being strong oxidizing agents; can often oxidize certain less reactive metals; in which the active oxidizing agent is not H+ ions,medium,General,multiple-choice
ffdaa1be-1eb0-4f7c-8b74-b0fb8e2f2adb,What is: For example; copper is a rather unreactive metal; ?,For example; copper is a rather unreactive metal; and has no reaction with concentrated hydrochloric acid,medium,General,multiple-choice
6f6cc6f4-70f1-4156-80e1-0546c3087956,What is: However; even dilute nitric acid can oxidize coppe?,However; even dilute nitric acid can oxidize copper to Cu2+ ions; with the nitrate ions acting as the effective oxidant:[1]

    3 Cu + 8 HNO3 → 3 Cu2+ + 2 NO + 4 H2O + 6 NO−
    3

Sometimes the concentration of the acid is a factor for it to be strongly oxidizing,medium,General,multiple-choice
a53a4c8a-5c98-43d4-a0a6-5fc2b8a062ce,What is: Again; copper has no reaction with dilute sulfuric?,Again; copper has no reaction with dilute sulfuric acid; but in concentrated sulfuric acid; the highly acidic environment and high concentration of sulfate ions allow the sulfate ions to act as an oxidizing agent,medium,General,multiple-choice
67384302-28df-4860-88ed-2a4ae40aa18b,What is: [2] Sulfuric acid is not an oxidizing agent; but t?,[2] Sulfuric acid is not an oxidizing agent; but the sulfate ion is a very weak oxidizing agent,medium,General,multiple-choice
b71d2dd0-3f5b-4de3-8fb3-7429faede6e2,What is: Since sulfur is in its maximum oxidation state in ?,Since sulfur is in its maximum oxidation state in the sulfate ion; it cannot act as a reducing agent,medium,General,multiple-choice
baca21d2-8a79-4b02-9acf-7b9907850fed,What is: Cu + 2 H2SO4 → SO2 + 2 H2O + SO2−
    4 + Cu2+

Us?,Cu + 2 H2SO4 → SO2 + 2 H2O + SO2−
    4 + Cu2+

Uses of oxidizing acids

    Dissolving less reactive/noble metals (like Cu; Ag; Au; Pt) that don’t react with non-oxidizing acids like HCl,medium,General,multiple-choice
ef153c72-8b71-49bc-88c2-aa279bb3a37a,What is: Strong oxidizing reactions in inorganic chemistry ?,Strong oxidizing reactions in inorganic chemistry and organic chemistry,medium,General,multiple-choice
533ba07e-f301-4189-854e-dd6e1ffde9a4,What is: Cleaning and etching metals (electronics; microfab?,Cleaning and etching metals (electronics; microfabrication),medium,General,multiple-choice
1a7d12c1-0f5d-42d6-b92c-a2cb468545a6,What is: Nitration and sulfonation reactions (important in ?,Nitration and sulfonation reactions (important in explosives; dyes; and pharmaceuticals),medium,General,multiple-choice
e3fdd5e2-f49a-4244-834d-28207b210fb5,What is: Analytical chemistry — digestion of samples; prepa?,Analytical chemistry — digestion of samples; preparation of solutions for spectroscopy,medium,General,multiple-choice
